<?xml version="1.0"?>
<schema version="0.3">
<table name="MultilingualSections">
    <field name="cID" type="I" size="11">
      <KEY/>
      <DEFAULT value="0"/>
      <UNSIGNED/>
    </field>
    <field name="msLanguage" type="C" size="32">
      <NOTNULL/>
      <DEFAULT value="''"/>
    </field>
    <field name="msIcon" type="C" size="6"/>
    <field name="msLocale" type="C" size="32">
      <NOTNULL/>
      <DEFAULT value=""/>
    </field>
  </table>
  <table name="MultilingualPageRelations">
    <field name="mpRelationID" type="I" size="10">
      <KEY/>
      <DEFAULT value="0"/>
      <UNSIGNED/>
    </field>
    <field name="cID" type="I" size="10">
      <KEY/>
      <DEFAULT value="0"/>
      <UNSIGNED/>
    </field>
    <field name="mpLanguage" type="C" size="32">
      <DEFAULT value=""/>
      <NOTNULL/>
    </field>
    <field name="mpLocale" type="C" size="32">
      <KEY/>
      <NOTNULL/>
    </field>
  </table>
</schema>